<?xml version="1.0" encoding="UTF-8"?>
<beans xmlns="http://www.springframework.org/schema/beans"
	xmlns:xsi="http://www.w3.org/2001/XMLSchema-instance"
	xmlns:aop="http://www.springframework.org/schema/aop"
	xmlns:context="http://www.springframework.org/schema/context"
	xmlns:tx="http://www.springframework.org/schema/tx"
	xsi:schemaLocation="http://www.springframework.org/schema/beans https://www.springframework.org/schema/beans/spring-beans.xsd
		http://www.springframework.org/schema/context http://www.springframework.org/schema/context/spring-context-4.3.xsd
		http://www.springframework.org/schema/aop http://www.springframework.org/schema/aop/spring-aop-4.3.xsd
		http://www.springframework.org/schema/tx http://www.springframework.org/schema/tx/spring-tx-4.3.xsd">
	
	<!-- resources 안에 DB 접근에 필요한 jdbc.properties 파일을 읽기 위함 -->
	<context:property-placeholder location="classpath:jdbc.properties"/>
	
	<bean id="dataSource" class="org.apache.commons.dbcp.BasicDataSource" destroy-method="close">
		<property name="driverClassName" value="${jdbc.driver}"></property>
		<property name="url" value="${jdbc.url}"></property>
		<property name="username" value="${jdbc.user}"></property>
		<property name="password" value="${jdbc.pwd}"></property>
		<property name="maxActive" value="${jdbc.maxActive}"></property>
		<property name="maxIdle" value="${jdbc.maxIdle}"></property>
		<property name="minIdle" value="${jdbc.minIdle}"></property>
	</bean>
	
	<bean id="factoryBean" class="org.mybatis.spring.SqlSessionFactoryBean">
		<property name="dataSource" ref="dataSource"></property>
		<property name="mapperLocations" value="classpath:mapper.xml"></property>
	</bean>	
	
	<bean id="sqlSessionTemplate" class="org.mybatis.spring.SqlSessionTemplate">
		<constructor-arg ref="factoryBean"></constructor-arg>
	</bean>		
	
	<!-- 트랜잭션 처리 : AOP (Namespaces에서 aop와 tx 체크) -->
	<!-- 메소드 앞이름을 통일해야 된다.select문은 롤백이 필요없다.  -->

	<bean id="transactionManager" class="org.springframework.jdbc.datasource.DataSourceTransactionManager">
		<property name="dataSource" ref="dataSource"></property>
	</bean>
	
	<tx:advice transaction-manager="transactionManager" id="txAdvice">
		<tx:attributes>
			<tx:method name="select*" read-only="true" rollback-for="Exception"/>
			<tx:method name="insert*"  rollback-for="Exception"/>
			<tx:method name="update*"  rollback-for="Exception"/>
			<tx:method name="delete*"  rollback-for="Exception"/>
		</tx:attributes>
	</tx:advice>
	
	<tx:annotation-driven transaction-manager="transactionManager"/>
	
	<aop:config proxy-target-class="true">
		<aop:pointcut expression="execution(* com.ict.*..*Impl.*(..))" id="serviceMethod"/>
		<aop:advisor advice-ref="txAdvice" id="treansactionAdvisor" pointcut-ref="serviceMethod"/>
	</aop:config>
	
	<bean id="multipartResolver" class="org.springframework.web.multipart.commons.CommonsMultipartResolver">
		<property name="defaultEncoding" value="UTF-8"></property>
		<property name="maxUploadSize" value="104857600"></property>
	</bean>
	
	<context:annotation-config />
	<context:component-scan base-package="com.ict" />	
		
</beans>
